,PC1,PC2,Cluster,Diagnosis
15350.C3C5Z.1,89.1992622479759,22.04457936172731,1,TD
15350.C3Z8Y.1,61.73861799496407,34.65877650158273,1,TD
15350.B2M2J.1,104.70295289998474,10.68797432405592,1,TD
